ID,Month Name,Day Name,Date
1,December,Tuesday,1/12/2020
2,December,Tuesday,1/12/2020
3,December,Tuesday,1/12/2020
4,December,Tuesday,1/12/2020
5,December,Tuesday,1/12/2020
6,December,Tuesday,1/12/2020
7,December,Tuesday,1/12/2020
8,December,Tuesday,1/12/2020
9,December,Tuesday,1/12/2020
10,December,Tuesday,1/12/2020
11,December,Tuesday,1/12/2020
12,December,Tuesday,1/12/2020
13,December,Tuesday,1/12/2020
14,December,Tuesday,1/12/2020
15,December,Tuesday,1/12/2020
16,December,Tuesday,1/12/2020
17,December,Tuesday,1/12/2020
18,December,Tuesday,1/12/2020
19,December,Tuesday,1/12/2020
20,December,Tuesday,1/12/2020
21,December,Tuesday,1/12/2020
22,December,Tuesday,1/12/2020
23,December,Tuesday,1/12/2020
24,December,Tuesday,1/12/2020
25,December,Tuesday,1/12/2020
26,December,Tuesday,1/12/2020
27,December,Tuesday,1/12/2020
28,December,Tuesday,1/12/2020
29,December,Tuesday,1/12/2020
30,December,Tuesday,1/12/2020
31,December,Tuesday,1/12/2020
32,December,Tuesday,1/12/2020
33,December,Tuesday,1/12/2020
34,December,Tuesday,1/12/2020
35,December,Tuesday,1/12/2020
36,December,Tuesday,1/12/2020
37,December,Tuesday,1/12/2020
38,December,Tuesday,1/12/2020
39,December,Tuesday,1/12/2020
40,December,Tuesday,1/12/2020
41,December,Tuesday,1/12/2020
42,December,Tuesday,1/12/2020
43,December,Tuesday,1/12/2020
44,December,Tuesday,1/12/2020
45,December,Tuesday,1/12/2020
46,December,Tuesday,1/12/2020
47,December,Tuesday,1/12/2020
48,December,Tuesday,1/12/2020
49,December,Tuesday,1/12/2020
50,December,Tuesday,1/12/2020
51,December,Tuesday,1/12/2020
52,December,Tuesday,1/12/2020
53,December,Tuesday,1/12/2020
54,December,Tuesday,1/12/2020
55,December,Tuesday,1/12/2020
56,December,Tuesday,1/12/2020
57,December,Tuesday,1/12/2020
58,December,Tuesday,1/12/2020
59,December,Tuesday,1/12/2020
60,December,Tuesday,1/12/2020
61,December,Tuesday,1/12/2020
62,December,Tuesday,1/12/2020
63,December,Tuesday,1/12/2020
64,December,Tuesday,1/12/2020
65,December,Tuesday,1/12/2020
66,December,Tuesday,1/12/2020
67,December,Tuesday,1/12/2020
68,December,Tuesday,1/12/2020
69,December,Tuesday,1/12/2020
70,December,Tuesday,1/12/2020
71,December,Tuesday,1/12/2020
72,December,Tuesday,1/12/2020
73,December,Tuesday,1/12/2020
74,December,Tuesday,1/12/2020
75,December,Tuesday,1/12/2020
76,December,Tuesday,1/12/2020
77,December,Tuesday,1/12/2020
78,December,Tuesday,1/12/2020
79,December,Tuesday,1/12/2020
80,December,Tuesday,1/12/2020
81,December,Tuesday,1/12/2020
82,December,Tuesday,1/12/2020
83,December,Tuesday,1/12/2020
84,December,Tuesday,1/12/2020
85,December,Tuesday,1/12/2020
86,December,Tuesday,1/12/2020
87,December,Tuesday,1/12/2020
88,December,Tuesday,1/12/2020
89,December,Tuesday,1/12/2020
90,December,Tuesday,1/12/2020
91,December,Tuesday,1/12/2020
92,December,Tuesday,1/12/2020
93,December,Tuesday,1/12/2020
94,December,Tuesday,1/12/2020
95,December,Tuesday,1/12/2020
96,December,Tuesday,1/12/2020
97,December,Tuesday,1/12/2020
98,December,Tuesday,1/12/2020
99,December,Tuesday,1/12/2020
100,December,Tuesday,1/12/2020
101,December,Tuesday,1/12/2020
102,December,Tuesday,1/12/2020
103,December,Tuesday,1/12/2020
104,December,Tuesday,1/12/2020
105,December,Tuesday,1/12/2020
106,December,Tuesday,1/12/2020
107,December,Tuesday,1/12/2020
108,December,Tuesday,1/12/2020
109,December,Tuesday,1/12/2020
110,December,Tuesday,1/12/2020
111,December,Tuesday,1/12/2020
112,December,Tuesday,1/12/2020
113,December,Tuesday,1/12/2020
114,December,Tuesday,1/12/2020
115,December,Tuesday,1/12/2020
116,December,Tuesday,1/12/2020
117,December,Tuesday,1/12/2020
118,December,Tuesday,1/12/2020
119,December,Tuesday,1/12/2020
120,December,Tuesday,1/12/2020
121,December,Tuesday,1/12/2020
122,December,Tuesday,1/12/2020
123,December,Tuesday,1/12/2020
124,December,Tuesday,1/12/2020
125,December,Tuesday,1/12/2020
126,December,Tuesday,1/12/2020
127,December,Tuesday,1/12/2020
128,December,Tuesday,1/12/2020
129,December,Tuesday,1/12/2020
130,December,Tuesday,1/12/2020
131,December,Tuesday,1/12/2020
132,December,Tuesday,1/12/2020
133,December,Tuesday,1/12/2020
134,December,Tuesday,1/12/2020
135,December,Tuesday,1/12/2020
136,December,Tuesday,1/12/2020
137,December,Tuesday,1/12/2020
138,December,Tuesday,1/12/2020
139,December,Tuesday,1/12/2020
140,December,Tuesday,1/12/2020
141,November,Sunday,1/11/2020
142,November,Sunday,1/11/2020
143,November,Sunday,1/11/2020
144,November,Sunday,1/11/2020
145,November,Sunday,1/11/2020
146,November,Sunday,1/11/2020
147,November,Sunday,1/11/2020
148,November,Sunday,1/11/2020
149,November,Sunday,1/11/2020
150,November,Sunday,1/11/2020
151,November,Sunday,1/11/2020
152,November,Sunday,1/11/2020
153,November,Sunday,1/11/2020
154,November,Sunday,1/11/2020
155,November,Sunday,1/11/2020
156,November,Sunday,1/11/2020
157,November,Sunday,1/11/2020
158,November,Sunday,1/11/2020
159,November,Sunday,1/11/2020
160,November,Sunday,1/11/2020
161,November,Sunday,1/11/2020
162,November,Sunday,1/11/2020
163,November,Sunday,1/11/2020
164,November,Sunday,1/11/2020
165,November,Sunday,1/11/2020
166,November,Sunday,1/11/2020
167,November,Sunday,1/11/2020
168,November,Sunday,1/11/2020
169,November,Sunday,1/11/2020
170,November,Sunday,1/11/2020
171,November,Sunday,1/11/2020
172,November,Sunday,1/11/2020
173,November,Sunday,1/11/2020
174,November,Sunday,1/11/2020
175,November,Sunday,1/11/2020
176,November,Sunday,1/11/2020
177,November,Sunday,1/11/2020
178,November,Sunday,1/11/2020
179,November,Sunday,1/11/2020
180,November,Sunday,1/11/2020
181,November,Sunday,1/11/2020
182,November,Sunday,1/11/2020
183,November,Sunday,1/11/2020
184,November,Sunday,1/11/2020
185,November,Sunday,1/11/2020
186,November,Sunday,1/11/2020
187,November,Sunday,1/11/2020
188,November,Sunday,1/11/2020
189,November,Sunday,1/11/2020
190,November,Sunday,1/11/2020
191,November,Sunday,1/11/2020
192,November,Sunday,1/11/2020
193,November,Sunday,1/11/2020
194,November,Sunday,1/11/2020
195,November,Sunday,1/11/2020
196,November,Sunday,1/11/2020
197,November,Sunday,1/11/2020
198,November,Sunday,1/11/2020
199,November,Sunday,1/11/2020
200,November,Sunday,1/11/2020
201,November,Sunday,1/11/2020
202,November,Sunday,1/11/2020
203,November,Sunday,1/11/2020
204,November,Sunday,1/11/2020
205,November,Sunday,1/11/2020
206,November,Sunday,1/11/2020
207,November,Sunday,1/11/2020
208,November,Sunday,1/11/2020
209,November,Sunday,1/11/2020
210,November,Sunday,1/11/2020
211,October,Thursday,1/10/2020
212,October,Thursday,1/10/2020
213,October,Thursday,1/10/2020
214,October,Thursday,1/10/2020
215,October,Thursday,1/10/2020
216,October,Thursday,1/10/2020
217,October,Thursday,1/10/2020
218,October,Thursday,1/10/2020
219,October,Thursday,1/10/2020
220,October,Thursday,1/10/2020
221,October,Thursday,1/10/2020
222,October,Thursday,1/10/2020
223,October,Thursday,1/10/2020
224,October,Thursday,1/10/2020
225,October,Thursday,1/10/2020
226,October,Thursday,1/10/2020
227,October,Thursday,1/10/2020
228,October,Thursday,1/10/2020
229,October,Thursday,1/10/2020
230,October,Thursday,1/10/2020
231,October,Thursday,1/10/2020
232,October,Thursday,1/10/2020
233,October,Thursday,1/10/2020
234,October,Thursday,1/10/2020
235,October,Thursday,1/10/2020
236,October,Thursday,1/10/2020
237,October,Thursday,1/10/2020
238,October,Thursday,1/10/2020
239,October,Thursday,1/10/2020
240,October,Thursday,1/10/2020
241,October,Thursday,1/10/2020
242,October,Thursday,1/10/2020
243,October,Thursday,1/10/2020
244,October,Thursday,1/10/2020
245,October,Thursday,1/10/2020
246,October,Thursday,1/10/2020
247,October,Thursday,1/10/2020
248,October,Thursday,1/10/2020
249,October,Thursday,1/10/2020
250,October,Thursday,1/10/2020
251,October,Thursday,1/10/2020
252,October,Thursday,1/10/2020
253,October,Thursday,1/10/2020
254,October,Thursday,1/10/2020
255,October,Thursday,1/10/2020
256,October,Thursday,1/10/2020
257,October,Thursday,1/10/2020
258,October,Thursday,1/10/2020
259,October,Thursday,1/10/2020
260,October,Thursday,1/10/2020
261,October,Thursday,1/10/2020
262,October,Thursday,1/10/2020
263,October,Thursday,1/10/2020
264,October,Thursday,1/10/2020
265,October,Thursday,1/10/2020
266,October,Thursday,1/10/2020
267,October,Thursday,1/10/2020
268,October,Thursday,1/10/2020
269,October,Thursday,1/10/2020
270,October,Thursday,1/10/2020
271,October,Thursday,1/10/2020
272,October,Thursday,1/10/2020
273,October,Thursday,1/10/2020
274,October,Thursday,1/10/2020
275,October,Thursday,1/10/2020
276,October,Thursday,1/10/2020
277,October,Thursday,1/10/2020
278,October,Thursday,1/10/2020
279,October,Thursday,1/10/2020
280,October,Thursday,1/10/2020
281,October,Thursday,1/10/2020
282,October,Thursday,1/10/2020
283,October,Thursday,1/10/2020
284,October,Thursday,1/10/2020
285,October,Thursday,1/10/2020
286,October,Thursday,1/10/2020
287,October,Thursday,1/10/2020
288,October,Thursday,1/10/2020
289,October,Thursday,1/10/2020
290,October,Thursday,1/10/2020
291,October,Thursday,1/10/2020
292,October,Thursday,1/10/2020
293,October,Thursday,1/10/2020
294,October,Thursday,1/10/2020
295,October,Thursday,1/10/2020
296,October,Thursday,1/10/2020
297,October,Thursday,1/10/2020
298,October,Thursday,1/10/2020
299,October,Thursday,1/10/2020
300,October,Thursday,1/10/2020
301,October,Thursday,1/10/2020
302,October,Thursday,1/10/2020
303,October,Thursday,1/10/2020
304,October,Thursday,1/10/2020
305,October,Thursday,1/10/2020
306,October,Thursday,1/10/2020
307,October,Thursday,1/10/2020
308,October,Thursday,1/10/2020
309,October,Thursday,1/10/2020
310,October,Thursday,1/10/2020
311,October,Thursday,1/10/2020
312,October,Thursday,1/10/2020
313,October,Thursday,1/10/2020
314,October,Thursday,1/10/2020
315,October,Thursday,1/10/2020
316,October,Thursday,1/10/2020
317,October,Thursday,1/10/2020
318,October,Thursday,1/10/2020
319,October,Thursday,1/10/2020
320,October,Thursday,1/10/2020
321,October,Thursday,1/10/2020
322,October,Thursday,1/10/2020
323,October,Thursday,1/10/2020
324,October,Thursday,1/10/2020
325,October,Thursday,1/10/2020
326,October,Thursday,1/10/2020
327,October,Thursday,1/10/2020
328,October,Thursday,1/10/2020
329,October,Thursday,1/10/2020
330,October,Thursday,1/10/2020
331,October,Thursday,1/10/2020
332,October,Thursday,1/10/2020
333,October,Thursday,1/10/2020
334,October,Thursday,1/10/2020
335,October,Thursday,1/10/2020
336,October,Thursday,1/10/2020
337,October,Thursday,1/10/2020
338,October,Thursday,1/10/2020
339,October,Thursday,1/10/2020
340,October,Thursday,1/10/2020
341,October,Thursday,1/10/2020
342,October,Thursday,1/10/2020
343,October,Thursday,1/10/2020
344,October,Thursday,1/10/2020
345,October,Thursday,1/10/2020
346,October,Thursday,1/10/2020
347,October,Thursday,1/10/2020
348,October,Thursday,1/10/2020
349,October,Thursday,1/10/2020
350,October,Thursday,1/10/2020
351,September,Tuesday,1/9/2020
352,September,Tuesday,1/9/2020
353,September,Tuesday,1/9/2020
354,September,Tuesday,1/9/2020
355,September,Tuesday,1/9/2020
356,September,Tuesday,1/9/2020
357,September,Tuesday,1/9/2020
358,September,Tuesday,1/9/2020
359,September,Tuesday,1/9/2020
360,September,Tuesday,1/9/2020
361,September,Tuesday,1/9/2020
362,September,Tuesday,1/9/2020
363,September,Tuesday,1/9/2020
364,September,Tuesday,1/9/2020
365,September,Tuesday,1/9/2020
366,September,Tuesday,1/9/2020
367,September,Tuesday,1/9/2020
368,September,Tuesday,1/9/2020
369,September,Tuesday,1/9/2020
370,September,Tuesday,1/9/2020
371,September,Tuesday,1/9/2020
372,September,Tuesday,1/9/2020
373,September,Tuesday,1/9/2020
374,September,Tuesday,1/9/2020
375,September,Tuesday,1/9/2020
376,September,Tuesday,1/9/2020
377,September,Tuesday,1/9/2020
378,September,Tuesday,1/9/2020
379,September,Tuesday,1/9/2020
380,September,Tuesday,1/9/2020
381,September,Tuesday,1/9/2020
382,September,Tuesday,1/9/2020
383,September,Tuesday,1/9/2020
384,September,Tuesday,1/9/2020
385,September,Tuesday,1/9/2020
386,September,Tuesday,1/9/2020
387,September,Tuesday,1/9/2020
388,September,Tuesday,1/9/2020
389,September,Tuesday,1/9/2020
390,September,Tuesday,1/9/2020
391,September,Tuesday,1/9/2020
392,September,Tuesday,1/9/2020
393,September,Tuesday,1/9/2020
394,September,Tuesday,1/9/2020
395,September,Tuesday,1/9/2020
396,September,Tuesday,1/9/2020
397,September,Tuesday,1/9/2020
398,September,Tuesday,1/9/2020
399,September,Tuesday,1/9/2020
400,September,Tuesday,1/9/2020
401,September,Tuesday,1/9/2020
402,September,Tuesday,1/9/2020
403,September,Tuesday,1/9/2020
404,September,Tuesday,1/9/2020
405,September,Tuesday,1/9/2020
406,September,Tuesday,1/9/2020
407,September,Tuesday,1/9/2020
408,September,Tuesday,1/9/2020
409,September,Tuesday,1/9/2020
410,September,Tuesday,1/9/2020
411,September,Tuesday,1/9/2020
412,September,Tuesday,1/9/2020
413,September,Tuesday,1/9/2020
414,September,Tuesday,1/9/2020
415,September,Tuesday,1/9/2020
416,September,Tuesday,1/9/2020
417,September,Tuesday,1/9/2020
418,September,Tuesday,1/9/2020
419,September,Tuesday,1/9/2020
420,September,Tuesday,1/9/2020
421,August,Saturday,1/8/2020
422,August,Saturday,1/8/2020
423,August,Saturday,1/8/2020
424,August,Saturday,1/8/2020
425,August,Saturday,1/8/2020
426,August,Saturday,1/8/2020
427,August,Saturday,1/8/2020
428,August,Saturday,1/8/2020
429,August,Saturday,1/8/2020
430,August,Saturday,1/8/2020
431,August,Saturday,1/8/2020
432,August,Saturday,1/8/2020
433,August,Saturday,1/8/2020
434,August,Saturday,1/8/2020
435,August,Saturday,1/8/2020
436,August,Saturday,1/8/2020
437,August,Saturday,1/8/2020
438,August,Saturday,1/8/2020
439,August,Saturday,1/8/2020
440,August,Saturday,1/8/2020
441,August,Saturday,1/8/2020
442,August,Saturday,1/8/2020
443,August,Saturday,1/8/2020
444,August,Saturday,1/8/2020
445,August,Saturday,1/8/2020
446,August,Saturday,1/8/2020
447,August,Saturday,1/8/2020
448,August,Saturday,1/8/2020
449,August,Saturday,1/8/2020
450,August,Saturday,1/8/2020
451,August,Saturday,1/8/2020
452,August,Saturday,1/8/2020
453,August,Saturday,1/8/2020
454,August,Saturday,1/8/2020
455,August,Saturday,1/8/2020
456,August,Saturday,1/8/2020
457,August,Saturday,1/8/2020
458,August,Saturday,1/8/2020
459,August,Saturday,1/8/2020
460,August,Saturday,1/8/2020
461,August,Saturday,1/8/2020
462,August,Saturday,1/8/2020
463,August,Saturday,1/8/2020
464,August,Saturday,1/8/2020
465,August,Saturday,1/8/2020
466,August,Saturday,1/8/2020
467,August,Saturday,1/8/2020
468,August,Saturday,1/8/2020
469,August,Saturday,1/8/2020
470,August,Saturday,1/8/2020
471,August,Saturday,1/8/2020
472,August,Saturday,1/8/2020
473,August,Saturday,1/8/2020
474,August,Saturday,1/8/2020
475,August,Saturday,1/8/2020
476,August,Saturday,1/8/2020
477,August,Saturday,1/8/2020
478,August,Saturday,1/8/2020
479,August,Saturday,1/8/2020
480,August,Saturday,1/8/2020
481,August,Saturday,1/8/2020
482,August,Saturday,1/8/2020
483,August,Saturday,1/8/2020
484,August,Saturday,1/8/2020
485,August,Saturday,1/8/2020
486,August,Saturday,1/8/2020
487,August,Saturday,1/8/2020
488,August,Saturday,1/8/2020
489,August,Saturday,1/8/2020
490,August,Saturday,1/8/2020
491,July,Wednesday,1/7/2020
492,July,Wednesday,1/7/2020
493,July,Wednesday,1/7/2020
494,July,Wednesday,1/7/2020
495,July,Wednesday,1/7/2020
496,July,Wednesday,1/7/2020
497,July,Wednesday,1/7/2020
498,July,Wednesday,1/7/2020
499,July,Wednesday,1/7/2020
500,July,Wednesday,1/7/2020
501,July,Wednesday,1/7/2020
502,July,Wednesday,1/7/2020
503,July,Wednesday,1/7/2020
504,July,Wednesday,1/7/2020
505,July,Wednesday,1/7/2020
506,July,Wednesday,1/7/2020
507,July,Wednesday,1/7/2020
508,July,Wednesday,1/7/2020
509,July,Wednesday,1/7/2020
510,July,Wednesday,1/7/2020
511,July,Wednesday,1/7/2020
512,July,Wednesday,1/7/2020
513,July,Wednesday,1/7/2020
514,July,Wednesday,1/7/2020
515,July,Wednesday,1/7/2020
516,July,Wednesday,1/7/2020
517,July,Wednesday,1/7/2020
518,July,Wednesday,1/7/2020
519,July,Wednesday,1/7/2020
520,July,Wednesday,1/7/2020
521,July,Wednesday,1/7/2020
522,July,Wednesday,1/7/2020
523,July,Wednesday,1/7/2020
524,July,Wednesday,1/7/2020
525,July,Wednesday,1/7/2020
526,July,Wednesday,1/7/2020
527,July,Wednesday,1/7/2020
528,July,Wednesday,1/7/2020
529,July,Wednesday,1/7/2020
530,July,Wednesday,1/7/2020
531,July,Wednesday,1/7/2020
532,July,Wednesday,1/7/2020
533,July,Wednesday,1/7/2020
534,July,Wednesday,1/7/2020
535,July,Wednesday,1/7/2020
536,July,Wednesday,1/7/2020
537,July,Wednesday,1/7/2020
538,July,Wednesday,1/7/2020
539,July,Wednesday,1/7/2020
540,July,Wednesday,1/7/2020
541,July,Wednesday,1/7/2020
542,July,Wednesday,1/7/2020
543,July,Wednesday,1/7/2020
544,July,Wednesday,1/7/2020
545,July,Wednesday,1/7/2020
546,July,Wednesday,1/7/2020
547,July,Wednesday,1/7/2020
548,July,Wednesday,1/7/2020
549,July,Wednesday,1/7/2020
550,July,Wednesday,1/7/2020
551,July,Wednesday,1/7/2020
552,July,Wednesday,1/7/2020
553,July,Wednesday,1/7/2020
554,July,Wednesday,1/7/2020
555,July,Wednesday,1/7/2020
556,July,Wednesday,1/7/2020
557,July,Wednesday,1/7/2020
558,July,Wednesday,1/7/2020
559,July,Wednesday,1/7/2020
560,July,Wednesday,1/7/2020
561,June,Monday,1/6/2020
562,June,Monday,1/6/2020
563,June,Monday,1/6/2020
564,June,Monday,1/6/2020
565,June,Monday,1/6/2020
566,June,Monday,1/6/2020
567,June,Monday,1/6/2020
568,June,Monday,1/6/2020
569,June,Monday,1/6/2020
570,June,Monday,1/6/2020
571,June,Monday,1/6/2020
572,June,Monday,1/6/2020
573,June,Monday,1/6/2020
574,June,Monday,1/6/2020
575,June,Monday,1/6/2020
576,June,Monday,1/6/2020
577,June,Monday,1/6/2020
578,June,Monday,1/6/2020
579,June,Monday,1/6/2020
580,June,Monday,1/6/2020
581,June,Monday,1/6/2020
582,June,Monday,1/6/2020
583,June,Monday,1/6/2020
584,June,Monday,1/6/2020
585,June,Monday,1/6/2020
586,June,Monday,1/6/2020
587,June,Monday,1/6/2020
588,June,Monday,1/6/2020
589,June,Monday,1/6/2020
590,June,Monday,1/6/2020
591,June,Monday,1/6/2020
592,June,Monday,1/6/2020
593,June,Monday,1/6/2020
594,June,Monday,1/6/2020
595,June,Monday,1/6/2020
596,June,Monday,1/6/2020
597,June,Monday,1/6/2020
598,June,Monday,1/6/2020
599,June,Monday,1/6/2020
600,June,Monday,1/6/2020
601,June,Monday,1/6/2020
602,June,Monday,1/6/2020
603,June,Monday,1/6/2020
604,June,Monday,1/6/2020
605,June,Monday,1/6/2020
606,June,Monday,1/6/2020
607,June,Monday,1/6/2020
608,June,Monday,1/6/2020
609,June,Monday,1/6/2020
610,June,Monday,1/6/2020
611,June,Monday,1/6/2020
612,June,Monday,1/6/2020
613,June,Monday,1/6/2020
614,June,Monday,1/6/2020
615,June,Monday,1/6/2020
616,June,Monday,1/6/2020
617,June,Monday,1/6/2020
618,June,Monday,1/6/2020
619,June,Monday,1/6/2020
620,June,Monday,1/6/2020
621,June,Monday,1/6/2020
622,June,Monday,1/6/2020
623,June,Monday,1/6/2020
624,June,Monday,1/6/2020
625,June,Monday,1/6/2020
626,June,Monday,1/6/2020
627,June,Monday,1/6/2020
628,June,Monday,1/6/2020
629,June,Monday,1/6/2020
630,June,Monday,1/6/2020
631,June,Monday,1/6/2020
632,June,Monday,1/6/2020
633,June,Monday,1/6/2020
634,June,Monday,1/6/2020
635,June,Monday,1/6/2020
636,June,Monday,1/6/2020
637,June,Monday,1/6/2020
638,June,Monday,1/6/2020
639,June,Monday,1/6/2020
640,June,Monday,1/6/2020
641,June,Monday,1/6/2020
642,June,Monday,1/6/2020
643,June,Monday,1/6/2020
644,June,Monday,1/6/2020
645,June,Monday,1/6/2020
646,June,Monday,1/6/2020
647,June,Monday,1/6/2020
648,June,Monday,1/6/2020
649,June,Monday,1/6/2020
650,June,Monday,1/6/2020
651,June,Monday,1/6/2020
652,June,Monday,1/6/2020
653,June,Monday,1/6/2020
654,June,Monday,1/6/2020
655,June,Monday,1/6/2020
656,June,Monday,1/6/2020
657,June,Monday,1/6/2020
658,June,Monday,1/6/2020
659,June,Monday,1/6/2020
660,June,Monday,1/6/2020
661,June,Monday,1/6/2020
662,June,Monday,1/6/2020
663,June,Monday,1/6/2020
664,June,Monday,1/6/2020
665,June,Monday,1/6/2020
666,June,Monday,1/6/2020
667,June,Monday,1/6/2020
668,June,Monday,1/6/2020
669,June,Monday,1/6/2020
670,June,Monday,1/6/2020
671,June,Monday,1/6/2020
672,June,Monday,1/6/2020
673,June,Monday,1/6/2020
674,June,Monday,1/6/2020
675,June,Monday,1/6/2020
676,June,Monday,1/6/2020
677,June,Monday,1/6/2020
678,June,Monday,1/6/2020
679,June,Monday,1/6/2020
680,June,Monday,1/6/2020
681,June,Monday,1/6/2020
682,June,Monday,1/6/2020
683,June,Monday,1/6/2020
684,June,Monday,1/6/2020
685,June,Monday,1/6/2020
686,June,Monday,1/6/2020
687,June,Monday,1/6/2020
688,June,Monday,1/6/2020
689,June,Monday,1/6/2020
690,June,Monday,1/6/2020
691,June,Monday,1/6/2020
692,June,Monday,1/6/2020
693,June,Monday,1/6/2020
694,June,Monday,1/6/2020
695,June,Monday,1/6/2020
696,June,Monday,1/6/2020
697,June,Monday,1/6/2020
698,June,Monday,1/6/2020
699,June,Monday,1/6/2020
700,June,Monday,1/6/2020
701,May,Friday,1/5/2020
702,May,Friday,1/5/2020
703,May,Friday,1/5/2020
704,May,Friday,1/5/2020
705,May,Friday,1/5/2020
706,May,Friday,1/5/2020
707,May,Friday,1/5/2020
708,May,Friday,1/5/2020
709,May,Friday,1/5/2020
710,May,Friday,1/5/2020
711,May,Friday,1/5/2020
712,May,Friday,1/5/2020
713,May,Friday,1/5/2020
714,May,Friday,1/5/2020
715,May,Friday,1/5/2020
716,May,Friday,1/5/2020
717,May,Friday,1/5/2020
718,May,Friday,1/5/2020
719,May,Friday,1/5/2020
720,May,Friday,1/5/2020
721,May,Friday,1/5/2020
722,May,Friday,1/5/2020
723,May,Friday,1/5/2020
724,May,Friday,1/5/2020
725,May,Friday,1/5/2020
726,May,Friday,1/5/2020
727,May,Friday,1/5/2020
728,May,Friday,1/5/2020
729,May,Friday,1/5/2020
730,May,Friday,1/5/2020
731,May,Friday,1/5/2020
732,May,Friday,1/5/2020
733,May,Friday,1/5/2020
734,May,Friday,1/5/2020
735,May,Friday,1/5/2020
736,May,Friday,1/5/2020
737,May,Friday,1/5/2020
738,May,Friday,1/5/2020
739,May,Friday,1/5/2020
740,May,Friday,1/5/2020
741,May,Friday,1/5/2020
742,May,Friday,1/5/2020
743,May,Friday,1/5/2020
744,May,Friday,1/5/2020
745,May,Friday,1/5/2020
746,May,Friday,1/5/2020
747,May,Friday,1/5/2020
748,May,Friday,1/5/2020
749,May,Friday,1/5/2020
750,May,Friday,1/5/2020
751,May,Friday,1/5/2020
752,May,Friday,1/5/2020
753,May,Friday,1/5/2020
754,May,Friday,1/5/2020
755,May,Friday,1/5/2020
756,May,Friday,1/5/2020
757,May,Friday,1/5/2020
758,May,Friday,1/5/2020
759,May,Friday,1/5/2020
760,May,Friday,1/5/2020
761,May,Friday,1/5/2020
762,May,Friday,1/5/2020
763,May,Friday,1/5/2020
764,May,Friday,1/5/2020
765,May,Friday,1/5/2020
766,May,Friday,1/5/2020
767,May,Friday,1/5/2020
768,May,Friday,1/5/2020
769,May,Friday,1/5/2020
770,May,Friday,1/5/2020
771,April,Wednesday,1/4/2020
772,April,Wednesday,1/4/2020
773,April,Wednesday,1/4/2020
774,April,Wednesday,1/4/2020
775,April,Wednesday,1/4/2020
776,April,Wednesday,1/4/2020
777,April,Wednesday,1/4/2020
778,April,Wednesday,1/4/2020
779,April,Wednesday,1/4/2020
780,April,Wednesday,1/4/2020
781,April,Wednesday,1/4/2020
782,April,Wednesday,1/4/2020
783,April,Wednesday,1/4/2020
784,April,Wednesday,1/4/2020
785,April,Wednesday,1/4/2020
786,April,Wednesday,1/4/2020
787,April,Wednesday,1/4/2020
788,April,Wednesday,1/4/2020
789,April,Wednesday,1/4/2020
790,April,Wednesday,1/4/2020
791,April,Wednesday,1/4/2020
792,April,Wednesday,1/4/2020
793,April,Wednesday,1/4/2020
794,April,Wednesday,1/4/2020
795,April,Wednesday,1/4/2020
796,April,Wednesday,1/4/2020
797,April,Wednesday,1/4/2020
798,April,Wednesday,1/4/2020
799,April,Wednesday,1/4/2020
800,April,Wednesday,1/4/2020
801,April,Wednesday,1/4/2020
802,April,Wednesday,1/4/2020
803,April,Wednesday,1/4/2020
804,April,Wednesday,1/4/2020
805,April,Wednesday,1/4/2020
806,April,Wednesday,1/4/2020
807,April,Wednesday,1/4/2020
808,April,Wednesday,1/4/2020
809,April,Wednesday,1/4/2020
810,April,Wednesday,1/4/2020
811,April,Wednesday,1/4/2020
812,April,Wednesday,1/4/2020
813,April,Wednesday,1/4/2020
814,April,Wednesday,1/4/2020
815,April,Wednesday,1/4/2020
816,April,Wednesday,1/4/2020
817,April,Wednesday,1/4/2020
818,April,Wednesday,1/4/2020
819,April,Wednesday,1/4/2020
820,April,Wednesday,1/4/2020
821,April,Wednesday,1/4/2020
822,April,Wednesday,1/4/2020
823,April,Wednesday,1/4/2020
824,April,Wednesday,1/4/2020
825,April,Wednesday,1/4/2020
826,April,Wednesday,1/4/2020
827,April,Wednesday,1/4/2020
828,April,Wednesday,1/4/2020
829,April,Wednesday,1/4/2020
830,April,Wednesday,1/4/2020
831,April,Wednesday,1/4/2020
832,April,Wednesday,1/4/2020
833,April,Wednesday,1/4/2020
834,April,Wednesday,1/4/2020
835,April,Wednesday,1/4/2020
836,April,Wednesday,1/4/2020
837,April,Wednesday,1/4/2020
838,April,Wednesday,1/4/2020
839,April,Wednesday,1/4/2020
840,April,Wednesday,1/4/2020
841,March,Sunday,1/3/2020
842,March,Sunday,1/3/2020
843,March,Sunday,1/3/2020
844,March,Sunday,1/3/2020
845,March,Sunday,1/3/2020
846,March,Sunday,1/3/2020
847,March,Sunday,1/3/2020
848,March,Sunday,1/3/2020
849,March,Sunday,1/3/2020
850,March,Sunday,1/3/2020
851,March,Sunday,1/3/2020
852,March,Sunday,1/3/2020
853,March,Sunday,1/3/2020
854,March,Sunday,1/3/2020
855,March,Sunday,1/3/2020
856,March,Sunday,1/3/2020
857,March,Sunday,1/3/2020
858,March,Sunday,1/3/2020
859,March,Sunday,1/3/2020
860,March,Sunday,1/3/2020
861,March,Sunday,1/3/2020
862,March,Sunday,1/3/2020
863,March,Sunday,1/3/2020
864,March,Sunday,1/3/2020
865,March,Sunday,1/3/2020
866,March,Sunday,1/3/2020
867,March,Sunday,1/3/2020
868,March,Sunday,1/3/2020
869,March,Sunday,1/3/2020
870,March,Sunday,1/3/2020
871,March,Sunday,1/3/2020
872,March,Sunday,1/3/2020
873,March,Sunday,1/3/2020
874,March,Sunday,1/3/2020
875,March,Sunday,1/3/2020
876,March,Sunday,1/3/2020
877,March,Sunday,1/3/2020
878,March,Sunday,1/3/2020
879,March,Sunday,1/3/2020
880,March,Sunday,1/3/2020
881,March,Sunday,1/3/2020
882,March,Sunday,1/3/2020
883,March,Sunday,1/3/2020
884,March,Sunday,1/3/2020
885,March,Sunday,1/3/2020
886,March,Sunday,1/3/2020
887,March,Sunday,1/3/2020
888,March,Sunday,1/3/2020
889,March,Sunday,1/3/2020
890,March,Sunday,1/3/2020
891,March,Sunday,1/3/2020
892,March,Sunday,1/3/2020
893,March,Sunday,1/3/2020
894,March,Sunday,1/3/2020
895,March,Sunday,1/3/2020
896,March,Sunday,1/3/2020
897,March,Sunday,1/3/2020
898,March,Sunday,1/3/2020
899,March,Sunday,1/3/2020
900,March,Sunday,1/3/2020
901,March,Sunday,1/3/2020
902,March,Sunday,1/3/2020
903,March,Sunday,1/3/2020
904,March,Sunday,1/3/2020
905,March,Sunday,1/3/2020
906,March,Sunday,1/3/2020
907,March,Sunday,1/3/2020
908,March,Sunday,1/3/2020
909,March,Sunday,1/3/2020
910,March,Sunday,1/3/2020
911,February,Saturday,1/2/2020
912,February,Saturday,1/2/2020
913,February,Saturday,1/2/2020
914,February,Saturday,1/2/2020
915,February,Saturday,1/2/2020
916,February,Saturday,1/2/2020
917,February,Saturday,1/2/2020
918,February,Saturday,1/2/2020
919,February,Saturday,1/2/2020
920,February,Saturday,1/2/2020
921,February,Saturday,1/2/2020
922,February,Saturday,1/2/2020
923,February,Saturday,1/2/2020
924,February,Saturday,1/2/2020
925,February,Saturday,1/2/2020
926,February,Saturday,1/2/2020
927,February,Saturday,1/2/2020
928,February,Saturday,1/2/2020
929,February,Saturday,1/2/2020
930,February,Saturday,1/2/2020
931,February,Saturday,1/2/2020
932,February,Saturday,1/2/2020
933,February,Saturday,1/2/2020
934,February,Saturday,1/2/2020
935,February,Saturday,1/2/2020
936,February,Saturday,1/2/2020
937,February,Saturday,1/2/2020
938,February,Saturday,1/2/2020
939,February,Saturday,1/2/2020
940,February,Saturday,1/2/2020
941,February,Saturday,1/2/2020
942,February,Saturday,1/2/2020
943,February,Saturday,1/2/2020
944,February,Saturday,1/2/2020
945,February,Saturday,1/2/2020
946,February,Saturday,1/2/2020
947,February,Saturday,1/2/2020
948,February,Saturday,1/2/2020
949,February,Saturday,1/2/2020
950,February,Saturday,1/2/2020
951,February,Saturday,1/2/2020
952,February,Saturday,1/2/2020
953,February,Saturday,1/2/2020
954,February,Saturday,1/2/2020
955,February,Saturday,1/2/2020
956,February,Saturday,1/2/2020
957,February,Saturday,1/2/2020
958,February,Saturday,1/2/2020
959,February,Saturday,1/2/2020
960,February,Saturday,1/2/2020
961,February,Saturday,1/2/2020
962,February,Saturday,1/2/2020
963,February,Saturday,1/2/2020
964,February,Saturday,1/2/2020
965,February,Saturday,1/2/2020
966,February,Saturday,1/2/2020
967,February,Saturday,1/2/2020
968,February,Saturday,1/2/2020
969,February,Saturday,1/2/2020
970,February,Saturday,1/2/2020
971,February,Saturday,1/2/2020
972,February,Saturday,1/2/2020
973,February,Saturday,1/2/2020
974,February,Saturday,1/2/2020
975,February,Saturday,1/2/2020
976,February,Saturday,1/2/2020
977,February,Saturday,1/2/2020
978,February,Saturday,1/2/2020
979,February,Saturday,1/2/2020
980,February,Saturday,1/2/2020
981,January,Wednesday,1/1/2020
982,January,Wednesday,1/1/2020
983,January,Wednesday,1/1/2020
984,January,Wednesday,1/1/2020
985,January,Wednesday,1/1/2020
986,January,Wednesday,1/1/2020
987,January,Wednesday,1/1/2020
988,January,Wednesday,1/1/2020
989,January,Wednesday,1/1/2020
990,January,Wednesday,1/1/2020
991,January,Wednesday,1/1/2020
992,January,Wednesday,1/1/2020
993,January,Wednesday,1/1/2020
994,January,Wednesday,1/1/2020
995,January,Wednesday,1/1/2020
996,January,Wednesday,1/1/2020
997,January,Wednesday,1/1/2020
998,January,Wednesday,1/1/2020
999,January,Wednesday,1/1/2020
1000,January,Wednesday,1/1/2020
1001,January,Wednesday,1/1/2020
1002,January,Wednesday,1/1/2020
1003,January,Wednesday,1/1/2020
1004,January,Wednesday,1/1/2020
1005,January,Wednesday,1/1/2020
1006,January,Wednesday,1/1/2020
1007,January,Wednesday,1/1/2020
1008,January,Wednesday,1/1/2020
1009,January,Wednesday,1/1/2020
1010,January,Wednesday,1/1/2020
1011,January,Wednesday,1/1/2020
1012,January,Wednesday,1/1/2020
1013,January,Wednesday,1/1/2020
1014,January,Wednesday,1/1/2020
1015,January,Wednesday,1/1/2020
1016,January,Wednesday,1/1/2020
1017,January,Wednesday,1/1/2020
1018,January,Wednesday,1/1/2020
1019,January,Wednesday,1/1/2020
1020,January,Wednesday,1/1/2020
1021,January,Wednesday,1/1/2020
1022,January,Wednesday,1/1/2020
1023,January,Wednesday,1/1/2020
1024,January,Wednesday,1/1/2020
1025,January,Wednesday,1/1/2020
1026,January,Wednesday,1/1/2020
1027,January,Wednesday,1/1/2020
1028,January,Wednesday,1/1/2020
1029,January,Wednesday,1/1/2020
1030,January,Wednesday,1/1/2020
1031,January,Wednesday,1/1/2020
1032,January,Wednesday,1/1/2020
1033,January,Wednesday,1/1/2020
1034,January,Wednesday,1/1/2020
1035,January,Wednesday,1/1/2020
1036,January,Wednesday,1/1/2020
1037,January,Wednesday,1/1/2020
1038,January,Wednesday,1/1/2020
1039,January,Wednesday,1/1/2020
1040,January,Wednesday,1/1/2020
1041,January,Wednesday,1/1/2020
1042,January,Wednesday,1/1/2020
1043,January,Wednesday,1/1/2020
1044,January,Wednesday,1/1/2020
1045,January,Wednesday,1/1/2020
1046,January,Wednesday,1/1/2020
1047,January,Wednesday,1/1/2020
1048,January,Wednesday,1/1/2020
1049,January,Wednesday,1/1/2020
1050,January,Wednesday,1/1/2020
1051,December,Sunday,1/12/2019
1052,December,Sunday,1/12/2019
1053,December,Sunday,1/12/2019
1054,December,Sunday,1/12/2019
1055,December,Sunday,1/12/2019
1056,December,Sunday,1/12/2019
1057,December,Sunday,1/12/2019
1058,December,Sunday,1/12/2019
1059,December,Sunday,1/12/2019
1060,December,Sunday,1/12/2019
1061,December,Sunday,1/12/2019
1062,December,Sunday,1/12/2019
1063,December,Sunday,1/12/2019
1064,December,Sunday,1/12/2019
1065,December,Sunday,1/12/2019
1066,December,Sunday,1/12/2019
1067,December,Sunday,1/12/2019
1068,December,Sunday,1/12/2019
1069,December,Sunday,1/12/2019
1070,December,Sunday,1/12/2019
1071,December,Sunday,1/12/2019
1072,December,Sunday,1/12/2019
1073,December,Sunday,1/12/2019
1074,December,Sunday,1/12/2019
1075,December,Sunday,1/12/2019
1076,December,Sunday,1/12/2019
1077,December,Sunday,1/12/2019
1078,December,Sunday,1/12/2019
1079,December,Sunday,1/12/2019
1080,December,Sunday,1/12/2019
1081,December,Sunday,1/12/2019
1082,December,Sunday,1/12/2019
1083,December,Sunday,1/12/2019
1084,December,Sunday,1/12/2019
1085,December,Sunday,1/12/2019
1086,November,Friday,1/11/2019
1087,November,Friday,1/11/2019
1088,November,Friday,1/11/2019
1089,November,Friday,1/11/2019
1090,November,Friday,1/11/2019
1091,November,Friday,1/11/2019
1092,November,Friday,1/11/2019
1093,November,Friday,1/11/2019
1094,November,Friday,1/11/2019
1095,November,Friday,1/11/2019
1096,November,Friday,1/11/2019
1097,November,Friday,1/11/2019
1098,November,Friday,1/11/2019
1099,November,Friday,1/11/2019
1100,November,Friday,1/11/2019
1101,November,Friday,1/11/2019
1102,November,Friday,1/11/2019
1103,November,Friday,1/11/2019
1104,November,Friday,1/11/2019
1105,November,Friday,1/11/2019
1106,November,Friday,1/11/2019
1107,November,Friday,1/11/2019
1108,November,Friday,1/11/2019
1109,November,Friday,1/11/2019
1110,November,Friday,1/11/2019
1111,November,Friday,1/11/2019
1112,November,Friday,1/11/2019
1113,November,Friday,1/11/2019
1114,November,Friday,1/11/2019
1115,November,Friday,1/11/2019
1116,November,Friday,1/11/2019
1117,November,Friday,1/11/2019
1118,November,Friday,1/11/2019
1119,November,Friday,1/11/2019
1120,November,Friday,1/11/2019
1121,October,Tuesday,1/10/2019
1122,October,Tuesday,1/10/2019
1123,October,Tuesday,1/10/2019
1124,October,Tuesday,1/10/2019
1125,October,Tuesday,1/10/2019
1126,October,Tuesday,1/10/2019
1127,October,Tuesday,1/10/2019
1128,October,Tuesday,1/10/2019
1129,October,Tuesday,1/10/2019
1130,October,Tuesday,1/10/2019
1131,October,Tuesday,1/10/2019
1132,October,Tuesday,1/10/2019
1133,October,Tuesday,1/10/2019
1134,October,Tuesday,1/10/2019
1135,October,Tuesday,1/10/2019
1136,October,Tuesday,1/10/2019
1137,October,Tuesday,1/10/2019
1138,October,Tuesday,1/10/2019
1139,October,Tuesday,1/10/2019
1140,October,Tuesday,1/10/2019
1141,October,Tuesday,1/10/2019
1142,October,Tuesday,1/10/2019
1143,October,Tuesday,1/10/2019
1144,October,Tuesday,1/10/2019
1145,October,Tuesday,1/10/2019
1146,October,Tuesday,1/10/2019
1147,October,Tuesday,1/10/2019
1148,October,Tuesday,1/10/2019
1149,October,Tuesday,1/10/2019
1150,October,Tuesday,1/10/2019
1151,October,Tuesday,1/10/2019
1152,October,Tuesday,1/10/2019
1153,October,Tuesday,1/10/2019
1154,October,Tuesday,1/10/2019
1155,October,Tuesday,1/10/2019
1156,October,Tuesday,1/10/2019
1157,October,Tuesday,1/10/2019
1158,October,Tuesday,1/10/2019
1159,October,Tuesday,1/10/2019
1160,October,Tuesday,1/10/2019
1161,October,Tuesday,1/10/2019
1162,October,Tuesday,1/10/2019
1163,October,Tuesday,1/10/2019
1164,October,Tuesday,1/10/2019
1165,October,Tuesday,1/10/2019
1166,October,Tuesday,1/10/2019
1167,October,Tuesday,1/10/2019
1168,October,Tuesday,1/10/2019
1169,October,Tuesday,1/10/2019
1170,October,Tuesday,1/10/2019
1171,October,Tuesday,1/10/2019
1172,October,Tuesday,1/10/2019
1173,October,Tuesday,1/10/2019
1174,October,Tuesday,1/10/2019
1175,October,Tuesday,1/10/2019
1176,October,Tuesday,1/10/2019
1177,October,Tuesday,1/10/2019
1178,October,Tuesday,1/10/2019
1179,October,Tuesday,1/10/2019
1180,October,Tuesday,1/10/2019
1181,October,Tuesday,1/10/2019
1182,October,Tuesday,1/10/2019
1183,October,Tuesday,1/10/2019
1184,October,Tuesday,1/10/2019
1185,October,Tuesday,1/10/2019
1186,October,Tuesday,1/10/2019
1187,October,Tuesday,1/10/2019
1188,October,Tuesday,1/10/2019
1189,October,Tuesday,1/10/2019
1190,October,Tuesday,1/10/2019
1191,September,Sunday,1/9/2019
1192,September,Sunday,1/9/2019
1193,September,Sunday,1/9/2019
1194,September,Sunday,1/9/2019
1195,September,Sunday,1/9/2019
1196,September,Sunday,1/9/2019
1197,September,Sunday,1/9/2019
1198,September,Sunday,1/9/2019
1199,September,Sunday,1/9/2019
1200,September,Sunday,1/9/2019
1201,September,Sunday,1/9/2019
1202,September,Sunday,1/9/2019
1203,September,Sunday,1/9/2019
1204,September,Sunday,1/9/2019
1205,September,Sunday,1/9/2019
1206,September,Sunday,1/9/2019
1207,September,Sunday,1/9/2019
1208,September,Sunday,1/9/2019
1209,September,Sunday,1/9/2019
1210,September,Sunday,1/9/2019
1211,September,Sunday,1/9/2019
1212,September,Sunday,1/9/2019
1213,September,Sunday,1/9/2019
1214,September,Sunday,1/9/2019
1215,September,Sunday,1/9/2019
1216,September,Sunday,1/9/2019
1217,September,Sunday,1/9/2019
1218,September,Sunday,1/9/2019
1219,September,Sunday,1/9/2019
1220,September,Sunday,1/9/2019
1221,September,Sunday,1/9/2019
1222,September,Sunday,1/9/2019
1223,September,Sunday,1/9/2019
1224,September,Sunday,1/9/2019
1225,September,Sunday,1/9/2019
